grp,lon,lat,
shore,-79.79628767,43.300468,
shore,-79.80104917,43.32073367,
shore,-79.77251333,43.33636517,
shore,-79.720198,43.374558,
shore,-79.7091025,43.39133183,
shore,-79.69483483,43.4040545,
shore,-79.68532617,43.42544433,
shore,-79.66867983,43.44047183,
shore,-79.64569217,43.46242833,
shore,-79.617155,43.488419,
shore,-79.6155705,43.49303833,
shore,-79.6068495,43.49708083,
shore,-79.60209633,43.51497583,
shore,-79.6005145,43.533443,
shore,-79.5941725,43.5403675,
shore,-79.584659,43.5438295,
shore,-79.58228217,43.55248283,
shore,-79.56246167,43.5640195,
shore,-79.55770433,43.56401967,
shore,-79.54502,43.57440067,
shore,-79.5450215,43.580743,
shore,-79.541058,43.58650867,
shore,-79.5188565,43.58881617,
shore,-79.51172017,43.58823967,
shore,-79.5077565,43.592852,
shore,-79.49665733,43.6026515,
shore,-79.4839735,43.61763567,
shore,-79.48476533,43.613602,
shore,-79.4831795,43.6118735,
shore,-79.47763,43.61763583,
shore,-79.4728735,43.62397467,
shore,-79.4768385,43.6280075,
shore,-79.4609815,43.63664933,
shore,-79.44670783,43.6337695,
shore,-79.43560533,43.62858533,
shore,-79.4197465,43.6280095,
shore,-79.4102305,43.627434,
shore,-79.40388767,43.63261883,
shore,-79.39357983,43.636076,
shore,-79.37851333,43.63780467,
shore,-79.364241,43.64356517,
shore,-79.35710467,43.64702117,
shore,-79.35234483,43.63722883,
shore,-79.3499655,43.634349,
shore,-79.33807183,43.64241383,
shore,-79.33172867,43.64702183,
shore,-79.32538433,43.64529383,
shore,-79.31983433,43.65105367,
shore,-79.31745633,43.6562365,
shore,-79.31745717,43.66141933,
shore,-79.311112,43.655661,
shore,-79.30873317,43.65508483,
shore,-79.30873433,43.663147,
shore,-79.28097967,43.66948067,
shore,-79.25084933,43.69941283,
shore,-79.23102417,43.70516767,
shore,-79.22547433,43.71609933,
shore,-79.20565067,43.73565717,
shore,-79.18503317,43.7511835,
shore,-79.16758633,43.7586575,
shore,-79.15331167,43.75980767,
shore,-79.13427967,43.77475267,
shore,-79.1176265,43.79429133,
shore,-79.09462867,43.8121,
shore,-79.0954225,43.81956667,
shore,-79.0938365,43.82243783,
shore,-79.08749133,43.81726933,
shore,-79.08352583,43.81267433,
shore,-79.06924983,43.8115255,
shore,-79.0621115,43.80520683,
shore,-79.04228517,43.81669433,
shore,-79.0224575,43.816694,
shore,-79.01135383,43.82014017,
shore,-79.00104433,43.82760533,
shore,-78.98835433,43.828754,
shore,-78.9748715,43.83162483,
shore,-78.95583733,43.84425567,
shore,-78.942354,43.84769933,
shore,-78.93442317,43.85573567,
shore,-78.91935333,43.849995,
shore,-78.90983533,43.8465505,
shore,-78.90190417,43.84540217,
shore,-78.89476633,43.85401267,
shore,-78.88048917,43.85286433,
shore,-78.869385,43.84941983,
shore,-78.840832,43.85860267,
shore,-78.83369333,43.8586025,
shore,-78.825762,43.86606267,
shore,-78.8114855,43.8700795,
shore,-78.797208,43.86893117,
shore,-78.79720817,43.87237417,
shore,-78.78451767,43.86835683,
shore,-78.76072217,43.86778167,
shore,-78.739306,43.870076,
shore,-78.72026967,43.86663233,
shore,-78.70123333,43.873517,
shore,-78.69250833,43.87810683,
shore,-78.683783,43.8723685,
shore,-78.67902383,43.88212267,
shore,-78.67267867,43.88900667,
shore,-78.64174383,43.89302017,
shore,-78.6211205,43.89760767,
shore,-78.606049,43.89818067,
shore,-78.58542533,43.89588483,
shore,-78.57273383,43.8981785,
shore,-78.56321517,43.8941625,
shore,-78.54497133,43.896456,
shore,-78.50134367,43.90104117,
shore,-78.49103167,43.897599,
shore,-78.48230567,43.89530433,
shore,-78.47278683,43.89931833,
shore,-78.45454267,43.90677317,
shore,-78.43709083,43.91365333,
shore,-78.41805317,43.9136515,
shore,-78.393462,43.92397067,
shore,-78.37759683,43.93084883,
shore,-78.34903983,43.93199267,
shore,-78.334761,43.93887033,
shore,-78.30540983,43.94173333,
shore,-78.2927175,43.94230567,
shore,-78.28795817,43.9480365,
shore,-78.253054,43.95376383,
shore,-78.22132267,43.94974967,
shore,-78.2006975,43.956624,
shore,-78.180072,43.95547633,
shore,-78.16579283,43.95662067,
shore,-78.12850833,43.95833633,
shore,-78.107883,43.96177217,
shore,-78.09519017,43.96750017,
shore,-78.07377133,43.96520633,
shore,-78.0650445,43.96978833,
shore,-78.02617317,43.96749283,
shore,-78.011894,43.96405383,
shore,-77.99920117,43.96577167,
shore,-77.98016133,43.97608117,
shore,-77.97064167,43.97722583,
shore,-77.93573717,43.97034817,
shore,-77.90559117,43.97893733,
shore,-77.88575817,43.979508,
shore,-77.86909883,43.98237,
shore,-77.85799167,43.99153183,
shore,-77.846092,43.99267617,
shore,-77.82705183,44.0024085,
shore,-77.80245933,44.002978,
shore,-77.77945317,44.00812817,
shore,-77.75168717,44.0109875,
shore,-77.73978783,44.005834,
shore,-77.73344167,43.99896217,
shore,-77.730269,43.99438133,
shore,-77.72947617,43.9886545,
shore,-77.71598983,43.98922567,
shore,-77.70567667,43.98807883,
shore,-77.69139667,43.9932315,
shore,-77.67791,43.9972385,
shore,-77.68266967,44.0046825,
shore,-77.69377583,44.00525633,
shore,-77.70805567,44.0001045,
shore,-77.7159895,43.99437967,
shore,-77.71995583,43.9932345,
shore,-77.72392233,43.99838883,
shore,-77.7255085,44.0041145,
shore,-77.715195,44.00525867,
shore,-77.72709467,44.00869517,
shore,-77.74137417,44.01098667,
shore,-77.7413735,44.013849,
shore,-77.72947367,44.01728217,
shore,-77.72709317,44.02300567,
shore,-77.72392033,44.023005,
shore,-77.72312733,44.018426,
shore,-77.713607,44.023004,
shore,-77.72233367,44.02300483,
shore,-77.72074667,44.028156,
shore,-77.710433,44.03216083,
shore,-77.69774017,44.02929767,
shore,-77.682667,44.03215767,
shore,-77.67394067,44.03558983,
shore,-77.67235383,44.033301,
shore,-77.68108133,44.02528967,
shore,-77.6890145,44.020712,
shore,-77.68266883,44.01498683,
shore,-77.67870233,44.01040717,
shore,-77.669976,44.01384067,
shore,-77.67076817,44.02185467,
shore,-77.65410917,44.02070767,
shore,-77.634276,44.0207055,
shore,-77.62475617,44.02642817,
shore,-77.60730417,44.012116,
shore,-77.6112715,44.0069645,
shore,-77.58826683,43.99264683,
shore,-77.57398817,43.978327,
shore,-77.56050283,43.968587,
shore,-77.54701667,43.96744,
shore,-77.54146433,43.96170967,
shore,-77.53115117,43.96056283,
shore,-77.5263925,43.95139383,
shore,-77.51925333,43.94451583,
shore,-77.517667,43.94107683,
shore,-77.50656083,43.94107517,
shore,-77.4994215,43.93362267,
shore,-77.49545567,43.92960933,
shore,-77.4938695,43.923876,
shore,-77.46657783,43.92860583,
shore,-77.44706417,43.927311,
shore,-77.40898533,43.93475883,
shore,-77.37373283,43.94330333,
shore,-77.35900667,43.9485095,
shore,-77.33838067,43.94908017,
shore,-77.31616983,43.93589517,
shore,-77.29958933,43.91886483,
shore,-77.27730317,43.898046,
shore,-77.27968367,43.89231,
shore,-77.2657985,43.89580017,
shore,-77.25369883,43.89910567,
shore,-77.24358517,43.9041305,
shore,-77.22650733,43.89696683,
shore,-77.21302183,43.884775,
shore,-77.21815883,43.87932833,
shore,-77.22886467,43.87244117,
shore,-77.2437255,43.858237,
shore,-77.2298425,43.8565215,
shore,-77.2059125,43.85672467,
shore,-77.20353233,43.8601685,
shore,-77.19163267,43.86533283,
shore,-77.18607967,43.8682015,
shore,-77.18052667,43.867053,
shore,-77.16704183,43.86073883,
shore,-77.159903,43.85614617,
shore,-77.1599035,43.851554,
shore,-77.16466383,43.84868383,
shore,-77.155939,43.8394975,
shore,-77.14879917,43.84121917,
shore,-77.13848617,43.84581083,
shore,-77.12738083,43.84408767,
shore,-77.11468717,43.85614133,
shore,-77.10278733,43.86360183,
shore,-77.09485483,43.85958317,
shore,-77.09009583,43.859009,
shore,-77.09326783,43.863601,
shore,-77.08216167,43.868191,
shore,-77.068675,43.8779445,
shore,-77.05836233,43.88195983,
shore,-77.04646283,43.887696,
shore,-77.03535717,43.88826883,
shore,-77.02345833,43.888841,
shore,-77.00600617,43.89113433,
shore,-76.99489967,43.90031117,
shore,-76.97665483,43.8997355,
shore,-76.961582,43.91005767,
shore,-76.945717,43.911203,
shore,-76.93619767,43.91464267,
shore,-76.93381683,43.92209683,
shore,-76.91795183,43.92209517,
shore,-76.90288017,43.92209417,
shore,-76.89018783,43.92610633,
shore,-76.884635,43.9295455,
shore,-76.87353,43.92782433,
shore,-76.864011,43.92954383,
shore,-76.85766417,43.9347025,
shore,-76.86004367,43.9375685,
shore,-76.86242217,43.94330033,
shore,-76.8648015,43.94673933,
shore,-76.88145983,43.94502183,
shore,-76.90843117,43.93642667,
shore,-76.9274695,43.931269,
shore,-76.93778167,43.92897717,
shore,-76.94967983,43.935284,
shore,-76.95761133,43.93987,
shore,-76.9718905,43.9364325,
shore,-76.98141,43.93070067,
shore,-76.99251483,43.9347145,
shore,-77.00124067,43.9352885,
shore,-77.00758683,43.936436,
shore,-77.00837933,43.94216783,
shore,-77.01710517,43.9410225,
shore,-77.02345267,43.93070517,
shore,-77.02504033,43.9221055,
shore,-77.02980067,43.91637217,
shore,-77.03773367,43.912359,
shore,-77.0440795,43.91121233,
shore,-77.04487217,43.91637333,
shore,-77.04645833,43.91924067,
shore,-77.05121817,43.919241,
shore,-77.04725133,43.92325417,
shore,-77.040904,43.93013317,
shore,-77.04010983,43.93701233,
shore,-77.04169517,43.9484755,
shore,-77.03455467,43.95535117,
shore,-77.025035,43.96165333,
shore,-77.0242415,43.964518,
shore,-77.01789467,43.966809,
shore,-77.0099625,43.96680817,
shore,-77.005202,43.97139083,
shore,-77.010755,43.97311,
shore,-77.006788,43.97711967,
shore,-76.99964767,43.98284667,
shore,-76.998854,43.986283,
shore,-77.006787,43.98571133,
shore,-77.00916667,43.986857,
shore,-77.014719,43.98685717,
shore,-77.02185917,43.9834215,
shore,-77.02741167,43.9828495,
shore,-77.031378,43.98514067,
shore,-77.0266175,43.99143983,
shore,-77.01789133,43.995448,
shore,-77.009958,43.99831017,
shore,-77.00361233,43.997737,
shore,-77.0004395,43.994301,
shore,-76.99409317,43.998881,
shore,-76.98853983,44.00346133,
shore,-76.98377983,44.00346083,
shore,-76.97664,44.01033033,
shore,-76.96474033,44.01662617,
shore,-76.954428,44.01776967,
shore,-76.94728833,44.01776933,
shore,-76.94173583,44.01891317,
shore,-76.9266635,44.02291883,
shore,-76.91317767,44.02749583,
shore,-76.89889833,44.03436217,
shore,-76.90365667,44.04008433,
shore,-76.90206967,44.04466183,
shore,-76.90286183,44.051527,
shore,-76.894135,44.06182233,
shore,-76.8830285,44.0681125,
shore,-76.8639895,44.078404,
shore,-76.85288317,44.0852645,
shore,-76.8449495,44.09212383,
shore,-76.84494783,44.10641383,
shore,-76.84574033,44.1109855,
shore,-76.84970617,44.11155767,
shore,-76.86081233,44.10584333,
shore,-76.868746,44.0989855,
shore,-76.87905883,44.09212683,
shore,-76.88540567,44.08755433,
shore,-76.887785,44.08812633,
shore,-76.882232,44.09327083,
shore,-76.87905817,44.09841517,
shore,-76.88461083,44.09955867,
shore,-76.892544,44.09384317,
shore,-76.90127033,44.08755567,
shore,-76.90365067,44.08355367,
shore,-76.91793017,44.07555,
shore,-76.929037,44.066401,
shore,-76.93697033,44.06239867,
shore,-76.94886967,44.0572515,
shore,-76.96632217,44.050961,
shore,-76.983774,44.04753017,
shore,-76.992501,44.04066533,
shore,-77.001227,44.03894967,
shore,-77.00995267,44.03837833,
shore,-77.01629933,44.03723417,
shore,-77.02105883,44.03494583,
shore,-77.039304,44.0372365,
shore,-77.05913467,44.04181633,
shore,-77.08531233,44.045824,
shore,-77.09959133,44.04525333,
shore,-77.11704417,44.03896117,
shore,-77.12259833,44.02694433,
shore,-77.12497917,44.0183595,
shore,-77.13449983,44.00977383,
shore,-77.13211883,44.01893233,
shore,-77.1313245,44.02751783,
shore,-77.13449667,44.03266833,
shore,-77.12894333,44.03839017,
shore,-77.11942217,44.05154867,
shore,-77.1091085,44.0624155,
shore,-77.09958733,44.07385283,
shore,-77.08848033,44.08585883,
shore,-77.080546,44.09500517,
shore,-77.07975167,44.103579,
shore,-77.080544,44.112723,
shore,-77.0757835,44.11786533,
shore,-77.0741955,44.12929167,
shore,-77.068641,44.13786,
shore,-77.067847,44.14585617,
shore,-77.06229233,44.1561345,
shore,-77.05911817,44.16298617,
shore,-77.063878,44.16412817,
shore,-77.07022417,44.162416,
shore,-77.06784367,44.1669835,
shore,-77.06625633,44.17155033,
shore,-77.075776,44.17155133,
shore,-77.09243583,44.164702,
shore,-77.100369,44.16184817,
shore,-77.11861467,44.16070817,
shore,-77.132101,44.156142,
shore,-77.14003433,44.1510035,
shore,-77.14796783,44.14814867,
shore,-77.16700633,44.1475795,
shore,-77.1773195,44.1452965,
shore,-77.1852535,44.13901467,
shore,-77.18763467,44.129875,
shore,-77.19477417,44.12816217,
shore,-77.19636117,44.12416317,
shore,-77.20508817,44.12130733,
shore,-77.19794717,44.1281625,
shore,-77.19239333,44.13501667,
shore,-77.19635933,44.13901567,
shore,-77.210639,44.13673267,
shore,-77.22491883,44.13330683,
shore,-77.23523117,44.13445033,
shore,-77.24792433,44.12988183,
shore,-77.26775783,44.12359917,
shore,-77.27489833,44.11788633,
shore,-77.2764855,44.11331517,
shore,-77.28283167,44.1116015,
shore,-77.28441817,44.115602,
shore,-77.28997083,44.11560267,
shore,-77.29076517,44.11045933,
shore,-77.28759283,44.10360083,
shore,-77.290767,44.095599,
shore,-77.2907675,44.09102583,
shore,-77.28362767,44.089882,
shore,-77.277281,44.09502633,
shore,-77.26696833,44.0944535,
shore,-77.2534825,44.09273683,
shore,-77.259829,44.08873567,
shore,-77.26696967,44.083591,
shore,-77.28283583,44.080734,
shore,-77.293942,44.08016333,
shore,-77.306635,44.07559033,
shore,-77.31774083,44.078451,
shore,-77.32726,44.0818825,
shore,-77.33201967,44.0858855,
shore,-77.329639,44.09217383,
shore,-77.32011867,44.09903233,
shore,-77.32091,44.111606,
shore,-77.31852933,44.1184625,
shore,-77.31059633,44.12131883,
shore,-77.310596,44.12303267,
shore,-77.31535533,44.12474717,
shore,-77.32408283,44.11732033,
shore,-77.33122267,44.11332117,
shore,-77.3399495,44.112751,
shore,-77.3328085,44.12017867,
shore,-77.32566833,44.12646267,
shore,-77.313768,44.12988867,
shore,-77.305042,44.13045933,
shore,-77.3010745,44.136171,
shore,-77.30107417,44.13788467,
shore,-77.310594,44.13617233,
shore,-77.31059367,44.13959967,
shore,-77.30821317,44.14416817,
shore,-77.31376633,44.14588217,
shore,-77.32407917,44.14417033,
shore,-77.32883967,44.14131483,
shore,-77.3335995,44.14074417,
shore,-77.34232583,44.14017433,
shore,-77.34470567,44.141888,
shore,-77.35263867,44.13903267,
shore,-77.36295217,44.13789183,
shore,-77.36612567,44.13217967,
shore,-77.37167883,44.13446517,
shore,-77.38040433,44.13846467,
shore,-77.38754433,44.139037,
shore,-77.39627117,44.1333255,
shore,-77.40658533,44.12590033,
shore,-77.43197217,44.1184755,
shore,-77.45339167,44.11390633,
shore,-77.47560517,44.10933733,
shore,-77.48671167,44.10476667,
shore,-77.494645,44.1059105,
shore,-77.49702467,44.10533917,
shore,-77.499405,44.10133833,
shore,-77.502579,44.09505117,
shore,-77.51606617,44.08704933,
shore,-77.52479367,44.0807615,
shore,-77.53669317,44.0779035,
shore,-77.54938683,44.07218667,
shore,-77.5581145,44.0630375,
shore,-77.56763467,44.05617433,
shore,-77.5716015,44.0533145,
shore,-77.5819145,44.053316,
shore,-77.59064067,44.05960933,
shore,-77.60015983,44.06418567,
shore,-77.59619267,44.06990433,
shore,-77.58667217,44.07790917,
shore,-77.577945,44.0830545,
shore,-77.57477083,44.09162967,
shore,-77.57318367,44.09620267,
shore,-77.57239,44.0990605,
shore,-77.57080317,44.1013465,
shore,-77.56525067,44.09791667,
shore,-77.55811017,44.10077383,
shore,-77.5477975,44.10134383,
shore,-77.53986383,44.10305767,
shore,-77.53034417,44.10134217,
shore,-77.52241083,44.10648483,
shore,-77.50813,44.11448383,
shore,-77.4890905,44.11733917,
shore,-77.4700505,44.11962233,
shore,-77.44942333,44.12876167,
shore,-77.4303835,44.13504333,
shore,-77.41372317,44.1413245,
shore,-77.40023617,44.14760517,
shore,-77.39309583,44.15160183,
shore,-77.38674917,44.15160117,
shore,-77.37802233,44.15731083,
shore,-77.362949,44.160164,
shore,-77.35104917,44.1630175,
shore,-77.3439095,44.16073283,
shore,-77.33359583,44.16701183,
shore,-77.321697,44.16358483,
shore,-77.31693767,44.15787467,
shore,-77.315352,44.15330633,
shore,-77.30186567,44.154447,
shore,-77.2963125,44.1521625,
shore,-77.28361917,44.15901333,
shore,-77.27727217,44.16129617,
shore,-77.264578,44.17214233,
shore,-77.2534715,44.17670733,
shore,-77.247125,44.17499417,
shore,-77.232052,44.17784683,
shore,-77.22253317,44.17270817,
shore,-77.21142767,44.16814033,
shore,-77.20904867,44.16243067,
shore,-77.21222233,44.15900517,
shore,-77.20984317,44.15557933,
shore,-77.196357,44.15786183,
shore,-77.188424,44.156148,
shore,-77.18445717,44.15900233,
shore,-77.17731717,44.16414033,
shore,-77.16224467,44.161855,
shore,-77.1471725,44.16071117,
shore,-77.137653,44.16242333,
shore,-77.13368567,44.16756083,
shore,-77.1273395,44.16927283,
shore,-77.12575317,44.16698933,
shore,-77.11623367,44.16870083,
shore,-77.10671367,44.17098333,
shore,-77.09878067,44.17383667,
shore,-77.08370783,44.1784015,
shore,-77.07260133,44.18182533,
shore,-77.05435467,44.19095467,
shore,-77.03610817,44.19722933,
shore,-77.03134883,44.19779967,
shore,-77.02182867,44.20122217,
shore,-77.00517083,44.19836767,
shore,-76.995652,44.19665483,
shore,-76.9893055,44.19893667,
shore,-76.98216383,44.21148667,
shore,-76.97264367,44.21947133,
shore,-76.97899183,44.206923,
shore,-76.98851267,44.19437183,
shore,-76.99485967,44.190378,
shore,-77.00517183,44.19266133,
shore,-77.01310417,44.192662,
shore,-77.019451,44.18980983,
shore,-77.0186585,44.1846735,
shore,-77.0353185,44.17611333,
shore,-77.044839,44.1646975,
shore,-77.05118683,44.15327817,
shore,-77.05674183,44.1401435,
shore,-77.0654695,44.12929117,
shore,-77.065471,44.11843567,
shore,-77.06785217,44.10872133,
shore,-77.06467917,44.10472017,
shore,-77.04960683,44.107005,
shore,-77.03691367,44.11271833,
shore,-77.02342767,44.11671717,
shore,-77.020253,44.12814367,
shore,-77.00914617,44.13785367,
shore,-76.9924865,44.14356367,
shore,-76.977414,44.14756,
shore,-76.96789433,44.15326983,
shore,-76.96075367,44.1601215,
shore,-76.96313267,44.16526017,
shore,-76.9615455,44.16982683,
shore,-76.942507,44.17439167,
shore,-76.93378067,44.174962,
shore,-76.92664217,44.17267767,
shore,-76.9195035,44.16811017,
shore,-76.91871083,44.16468467,
shore,-76.91395017,44.1698225,
shore,-76.90760417,44.17153433,
shore,-76.90443183,44.16696683,
shore,-76.892533,44.1681075,
shore,-76.89174017,44.16296967,
shore,-76.88460167,44.16068517,
shore,-76.88539567,44.15611733,
shore,-76.90205433,44.15269267,
shore,-76.9115735,44.15212217,
shore,-76.91553883,44.15497783,
shore,-76.925852,44.152124,
shore,-76.94013083,44.1475565,
shore,-76.94965017,44.14755733,
shore,-76.95837633,44.14470283,
shore,-76.968689,44.14184817,
shore,-76.975036,44.13727917,
shore,-76.9813815,44.13842217,
shore,-76.99169433,44.1355675,
shore,-77.0051805,44.13099883,
shore,-77.00914733,44.12700017,
shore,-77.00756133,44.1241435,
shore,-77.00994233,44.11500133,
shore,-77.01390967,44.1081445,
shore,-77.02025717,44.10071517,
shore,-77.02977633,44.09785817,
shore,-77.0408825,44.09442917,
shore,-77.048022,44.09614483,
shore,-77.053575,44.09271583,
shore,-77.0630955,44.086428,
shore,-77.06785517,44.08414183,
shore,-77.07737483,44.08299933,
shore,-77.0765825,44.07613783,
shore,-77.06230333,44.07556417,
shore,-77.06389033,44.07213333,
shore,-77.0654775,44.06755833,
shore,-77.05595833,44.0687015,
shore,-77.04802433,44.07613483,
shore,-77.041679,44.07270283,
shore,-77.04961217,44.06755717,
shore,-77.04802617,44.06526917,
shore,-77.03929917,44.07098733,
shore,-77.02660633,44.07556083,
shore,-77.01946733,44.07441617,
shore,-77.025814,44.06869817,
shore,-77.0353345,44.06069233,
shore,-77.04644067,44.0572615,
shore,-77.05754667,44.0544025,
shore,-77.05913367,44.0521145,
shore,-77.05278817,44.04753683,
shore,-77.044855,44.048108,
shore,-77.03057567,44.0521115,
shore,-77.0178835,44.05268233,
shore,-77.00915717,44.05840183,
shore,-76.9964645,44.06183233,
shore,-76.98535883,44.061831,
shore,-76.9702865,44.06411767,
shore,-76.95918017,44.07097933,
shore,-76.95283233,44.081843,
shore,-76.94013883,44.094991,
shore,-76.92109883,44.1064205,
shore,-76.89888717,44.11384767,
shore,-76.884607,44.125274,
shore,-76.863188,44.132699,
shore,-76.84414883,44.14412067,
shore,-76.80210417,44.16353233,
shore,-76.788618,44.1720945,
shore,-76.78623767,44.17551933,
shore,-76.77751183,44.1806555,
shore,-76.77116583,44.17951317,
shore,-76.76006067,44.18008333,
shore,-76.74181483,44.1920665,
shore,-76.73546867,44.19263633,
shore,-76.72674217,44.20233583,
shore,-76.707704,44.208039,
shore,-76.68787183,44.2171645,
shore,-76.68945967,44.208608,
shore,-76.67756183,44.20746633,
shore,-76.65614467,44.211458,
shore,-76.63155417,44.21944167,
shore,-76.625207,44.23084683,
shore,-76.60854817,44.2393985,
shore,-76.60140967,44.23939817,
shore,-76.61330883,44.23198633,
shore,-76.61886267,44.223433,
shore,-76.6148975,44.21715883,
shore,-76.60617333,44.21202433,
shore,-76.5918955,44.2160165,
shore,-76.579265,44.21531867,
shore,-76.5705365,44.21134583,
shore,-76.5546755,44.21138167,
shore,-76.54596317,44.22109583,
shore,-76.52692467,44.21543383,
shore,-76.51106733,44.217748,
shore,-76.50472817,44.22175283,
shore,-76.49204233,44.2229195,
shore,-76.4792635,44.23152233,
shore,-76.4641925,44.227561,
shore,-76.44765267,44.23440983,
shore,-76.44186433,44.23599033,
shore,-76.43932717,44.2341405,
shore,-76.42822967,44.23644133,
shore,-76.41753267,44.24216217,
shore,-76.41000317,44.244456,
shore,-76.403268,44.24817367,
shore,-76.39890933,44.2496065,
shore,-76.39217083,44.24990317,
shore,-76.38306,44.2559045,
shore,-76.23493883,44.18011883,
shore,-76.24305067,44.17687767,
shore,-76.24700983,44.174307,
shore,-76.24422733,44.16889617,
shore,-76.24938383,44.17173883,
shore,-76.25017233,44.16917283,
shore,-76.25650867,44.16631367,
shore,-76.26086533,44.16459717,
shore,-76.26680667,44.16230867,
shore,-76.27036883,44.159453,
shore,-76.27512383,44.15887583,
shore,-76.281864,44.16057583,
shore,-76.288993,44.15742967,
shore,-76.2921585,44.1542895,
shore,-76.29572467,44.153714,
shore,-76.2996825,44.15028733,
shore,-76.30442983,44.14514933,
shore,-76.3087795,44.1391565,
shore,-76.31432133,44.13487217,
shore,-76.32145317,44.13343483,
shore,-76.3277915,44.13142883,
shore,-76.331751,44.12914183,
shore,-76.33848883,44.128845,
shore,-76.34126,44.126845,
shore,-76.34442667,44.12455883,
shore,-76.36659433,44.1079855,
shore,-76.3705495,44.10341717,
shore,-76.36974817,44.09885783,
shore,-76.36023667,44.10001567,
shore,-76.35943933,44.09773717,
shore,-76.35783833,44.0897585,
shore,-76.34833083,44.09262667,
shore,-76.34435867,44.08864283,
shore,-76.34593317,44.08293933,
shore,-76.35702033,44.07721767,
shore,-76.36097567,44.0732195,
shore,-76.35700217,44.068666,
shore,-76.341947,44.07211467,
shore,-76.33243983,44.07498283,
shore,-76.32134817,44.07842317,
shore,-76.3118405,44.08072,
shore,-76.31431767,44.077796,
shore,-76.32224917,44.07379367,
shore,-76.334147,44.0692195,
shore,-76.33176833,44.0635,
shore,-76.32225217,44.05949633,
shore,-76.307976,44.0589235,
shore,-76.29607983,44.0583515,
shore,-76.299254,44.049199,
shore,-76.2968755,44.04290583,
shore,-76.30163533,44.03775633,
shore,-76.30242967,44.03146167,
shore,-76.30877517,44.02573933,
shore,-76.30481117,44.01887067,
shore,-76.30322633,44.01085717,
shore,-76.283994,44.0111425,
shore,-76.27943433,44.00599033,
shore,-76.27031533,43.998547,
shore,-76.26992067,43.98881217,
shore,-76.27031883,43.98251217,
shore,-76.27547483,43.97793017,
shore,-76.2849935,43.96761933,
shore,-76.28102983,43.9601715,
shore,-76.26715017,43.96418183,
shore,-76.256046,43.96733217,
shore,-76.24176917,43.976211,
shore,-76.23621667,43.9793615,
shore,-76.221938,43.99568283,
shore,-76.22035,44.00541633,
shore,-76.209245,44.015434,
shore,-76.2028995,44.02230267,
shore,-76.20408767,44.0274535,
shore,-76.210432,44.02859833,
shore,-76.21875967,44.02802583,
shore,-76.2362075,44.02745383,
shore,-76.24969033,44.02287567,
shore,-76.25960483,44.01858317,
shore,-76.27586433,44.01600933,
shore,-76.28062317,44.01228717,
shore,-76.282603,44.0257385,
shore,-76.27625583,44.04004433,
shore,-76.266737,44.04977017,
shore,-76.24849317,44.0629255,
shore,-76.229459,44.0663565,
shore,-76.21518233,44.071503,
shore,-76.20249217,44.0783645,
shore,-76.2016995,44.07607767,
shore,-76.20645867,44.0703595,
shore,-76.21280517,44.062353,
shore,-76.204082,44.05663267,
shore,-76.186634,44.05949233,
shore,-76.17315117,44.06578383,
shore,-76.165221,44.063496,
shore,-76.151738,44.06749883,
shore,-76.146186,44.07035817,
shore,-76.12873733,44.08065083,
shore,-76.1390485,44.072074,
shore,-76.14460083,44.06578333,
shore,-76.14539433,44.06292383,
shore,-76.1319125,44.0634955,
shore,-76.14539633,44.05491583,
shore,-76.15253533,44.04519117,
shore,-76.16522617,44.03718117,
shore,-76.165227,44.03260333,
shore,-76.15253833,44.03145833,
shore,-76.14302117,44.03489167,
shore,-76.14143417,44.0394695,
shore,-76.12953817,44.038897,
shore,-76.12240117,44.03718033,
shore,-76.12557567,44.02573567,
shore,-76.13588683,44.01772267,
shore,-76.15016383,44.00856383,
shore,-76.16602567,44.0045565,
shore,-76.18505967,43.99997667,
shore,-76.2017165,43.98909717,
shore,-76.20964917,43.97706967,
shore,-76.20171933,43.97363267,
shore,-76.2025135,43.9679045,
shore,-76.18903083,43.97076833,
shore,-76.1787205,43.97363267,
shore,-76.17317017,43.968477,
shore,-76.16841367,43.95988283,
shore,-76.15651833,43.95988267,
shore,-76.14937917,43.96618517,
shore,-76.129553,43.96847667,
shore,-76.10893117,43.9805055,
shore,-76.0946545,43.9919595,
shore,-76.08672317,43.997113,
shore,-76.08592917,44.00169383,
shore,-76.079584,44.00512867,
shore,-76.07165533,43.998831,
shore,-76.05817583,43.99024183,
shore,-76.059764,43.98107867,
shore,-76.0573855,43.9764965,
shore,-76.06373133,43.9701955,
shore,-76.07642,43.967331,
shore,-76.07483217,43.9753505,
shore,-76.08117617,43.976496,
shore,-76.0938655,43.97363233,
shore,-76.10655667,43.95931,
shore,-76.1192475,43.94842233,
shore,-76.12559167,43.9495685,
shore,-76.14383283,43.94498383,
shore,-76.1398695,43.9363865,
shore,-76.13194,43.9323745,
shore,-76.12639033,43.923775,
shore,-76.1263935,43.9117345,
shore,-76.12798183,43.90198533,
shore,-76.135914,43.89223467,
shore,-76.148604,43.88821883,
shore,-76.15812033,43.8870715,
shore,-76.175569,43.87961333,
shore,-76.18905317,43.8710065,
shore,-76.2017435,43.86469417,
shore,-76.19936617,43.856085,
shore,-76.20254,43.84919733,
shore,-76.21047083,43.84804933,
shore,-76.20809017,43.85436317,
shore,-76.21522667,43.85838133,
shore,-76.22157033,43.861825,
shore,-76.23267383,43.86067733,
shore,-76.236638,43.8641205,
shore,-76.231084,43.8750235,
shore,-76.22394517,43.88076117,
shore,-76.22870217,43.88649867,
shore,-76.240599,43.88477733,
shore,-76.25328867,43.8807615,
shore,-76.27232317,43.87731933,
shore,-76.29294633,43.86354783,
shore,-76.30008967,43.83943867,
shore,-76.294539,43.8354195,
shore,-76.27947017,43.83829017,
shore,-76.2699535,43.8359935,
shore,-76.2675755,43.83197417,
shore,-76.26995583,43.8262315,
shore,-76.261233,43.82393433,
shore,-76.24854383,43.82278583,
shore,-76.24695883,43.81933967,
shore,-76.24220167,43.814745,
shore,-76.23030367,43.82336,
shore,-76.22792483,43.820488,
shore,-76.2358575,43.81187267,
shore,-76.2342735,43.80497983,
shore,-76.223175,43.78716833,
shore,-76.217628,43.772226,
shore,-76.214461,43.752105,
shore,-76.20733283,43.72104867,
shore,-76.20099817,43.68824933,
shore,-76.1962505,43.65658467,
shore,-76.197845,43.63181683,
shore,-76.20023517,43.60069917,
shore,-76.20421033,43.57360267,
shore,-76.21135467,43.55399383,
shore,-76.22880917,43.53380133,
shore,-76.25418917,43.52572233,
shore,-76.27560383,43.5193735,
shore,-76.2946395,43.5124475,
shore,-76.31763733,43.5136015,
shore,-76.3422225,43.51187017,
shore,-76.35490933,43.51706483,
shore,-76.37076767,43.52341317,
shore,-76.38424983,43.52341367,
shore,-76.409628,43.52341383,
shore,-76.42708,43.51302483,
shore,-76.4532555,43.50205717,
shore,-76.4667405,43.495707,
shore,-76.47626,43.48877833,
shore,-76.4897485,43.47376317,
shore,-76.51433833,43.46278917,
shore,-76.53734,43.45816817,
shore,-76.552412,43.4506575,
shore,-76.56430917,43.44834667,
shore,-76.57858867,43.4391015,
shore,-76.592075,43.43043317,
shore,-76.60318233,43.42176317,
shore,-76.61666717,43.41656133,
shore,-76.632531,43.41251467,
shore,-76.649194,43.393434,
shore,-76.66030333,43.37955367,
shore,-76.6769665,43.3621995,
shore,-76.6944225,43.34484,
shore,-76.70949133,43.34484083,
shore,-76.72773317,43.34484167,
shore,-76.74122033,43.33558167,
shore,-76.76422783,43.3205315,
shore,-76.78881817,43.31300583,
shore,-76.8126145,43.30663733,
shore,-76.83720333,43.30374283,
shore,-76.86100083,43.29621567,
shore,-76.881624,43.29274133,
shore,-76.90224583,43.29274283,
shore,-76.92445717,43.285214,
shore,-76.9434975,43.274208,
shore,-76.95539733,43.2684145,
shore,-76.98077583,43.27421033,
shore,-77.01012383,43.2713155,
shore,-77.03550533,43.2701585,
shore,-77.04502283,43.27189733,
shore,-77.056918,43.2771125,
shore,-77.07515933,43.281169,
shore,-77.09102233,43.28232883,
shore,-77.1029185,43.286964,
shore,-77.1140245,43.28233067,
shore,-77.13226667,43.2846495,
shore,-77.14812867,43.28928467,
shore,-77.17827333,43.28059783,
shore,-77.201275,43.28175883,
shore,-77.23379583,43.28176167,
shore,-77.2583865,43.27770867,
shore,-77.299633,43.27655333,
shore,-77.3313605,43.27887417,
shore,-77.363089,43.27771817,
shore,-77.3868865,43.27366517,
shore,-77.41465017,43.2678735,
shore,-77.4265485,43.2672955,
shore,-77.44717483,43.25918483,
shore,-77.47255883,43.25455083,
shore,-77.486045,43.249336,
shore,-77.50270283,43.2470195,
shore,-77.51539633,43.240065,
shore,-77.52333017,43.23542783,
shore,-77.53760867,43.23311067,
shore,-77.56219683,43.236012,
shore,-77.5836115,43.24355,
shore,-77.60423133,43.2551445,
shore,-77.61692083,43.263259,
shore,-77.64150733,43.27543,
shore,-77.668474,43.28644017,
shore,-77.69385317,43.30381967,
shore,-77.70733633,43.30961217,
shore,-77.7144765,43.30555933,
shore,-77.708128,43.31771867,
shore,-77.72319767,43.32408917,
shore,-77.73826767,43.332196,
shore,-77.75968283,43.3414595,
shore,-77.79537833,43.340306,
shore,-77.81996833,43.34378167,
shore,-77.84376467,43.347257,
shore,-77.86914733,43.34899617,
shore,-77.8977035,43.35189333,
shore,-77.92467233,43.35710433,
shore,-77.94926167,43.36462933,
shore,-77.97464433,43.36752517,
shore,-78.00082133,43.36637133,
shore,-78.02620467,43.36579533,
shore,-78.03968867,43.36926867,
shore,-78.06269233,43.36811383,
shore,-78.08014333,43.371009,
shore,-78.1158375,43.37506233,
shore,-78.134082,43.37506467,
shore,-78.15946467,43.375646,
shore,-78.184055,43.3710205,
shore,-78.21023067,43.37102333,
shore,-78.24433867,43.371027,
shore,-78.2808265,43.3716095,
shore,-78.32603867,43.37103567,
shore,-78.35221433,43.37335283,
shore,-78.368871,43.37624683,
shore,-78.41011683,43.373937,
shore,-78.43153333,43.37278217,
shore,-78.4561215,43.372206,
shore,-78.4902285,43.37510183,
shore,-78.5132305,43.37279033,
shore,-78.555268,43.36874417,
shore,-78.588581,43.36180433,
shore,-78.6298245,43.3583365,
shore,-78.66313667,43.35139517,
shore,-78.6861375,43.34445233,
shore,-78.70279283,43.33924417,
shore,-78.7257935,43.33982483,
shore,-78.74879417,43.3346175,
shore,-78.77417367,43.3276725,
shore,-78.808277,43.32246483,
shore,-78.833656,43.3184135,
shore,-78.84555183,43.312624,
shore,-78.87251683,43.30683517,
shore,-78.90186017,43.29930867,
shore,-78.925652,43.29351783,
shore,-78.95102983,43.28540983,
shore,-78.9772,43.28019767,
shore,-79.00812867,43.2767235,
shore,-79.04460783,43.26861367,
shore,-79.06126133,43.26455833,
shore,-79.064433,43.26224033,
shore,-79.07632833,43.25876383,
shore,-79.08901667,43.26224183,
shore,-79.104084,43.25992417,
shore,-79.11359983,43.25586783,
shore,-79.12390867,43.25702733,
shore,-79.13421817,43.25818683,
shore,-79.15324917,43.247176,
shore,-79.17624467,43.23790183,
shore,-79.19527533,43.22920683,
shore,-79.20399783,43.22572833,
shore,-79.21272083,43.22572867,
shore,-79.21430733,43.23094667,
shore,-79.21351483,43.23616433,
shore,-79.21747833,43.22688833,
shore,-79.2293725,43.22340983,
shore,-79.24523117,43.21355217,
shore,-79.26426133,43.20717367,
shore,-79.29122033,43.19847383,
shore,-79.30787133,43.18919317,
shore,-79.32610783,43.1822315,
shore,-79.3498955,43.18165183,
shore,-79.373683,43.185713,
shore,-79.38954233,43.19267483,
shore,-79.40222933,43.19673533,
shore,-79.43632367,43.1978955,
shore,-79.45059617,43.19963517,
shore,-79.480725,43.19557467,
shore,-79.51402533,43.19557433,
shore,-79.53384633,43.19557417,
shore,-79.5473255,43.2002145,
shore,-79.56080517,43.20543367,
shore,-79.58459033,43.20543317,
shore,-79.60124117,43.21355183,
shore,-79.61947817,43.22398833,
shore,-79.6313715,43.22978583,
shore,-79.64405567,43.22514717,
shore,-79.655947,43.22282767,
shore,-79.66783967,43.2251465,
shore,-79.680526,43.232103,
shore,-79.70510367,43.2361595,
shore,-79.72333883,43.24311433,
shore,-79.73364567,43.246012,
shore,-79.75108733,43.24832917,
shore,-79.76456733,43.261078,
shore,-79.77884067,43.27498283,
shore,-79.78835717,43.28888517,
shore,-79.79470217,43.30046817,
shore,,,
shore,-76.785456,44.10126433,
shore,-76.78228217,44.10697983,
shore,-76.78148767,44.11498033,
shore,-76.7767285,44.11612267,
shore,-76.77672767,44.122408,
shore,-76.79021233,44.12069467,
shore,-76.79973217,44.115553,
shore,-76.80607767,44.11612533,
shore,-76.80766333,44.122982,
shore,-76.81480183,44.1269815,
shore,-76.80924817,44.13155167,
shore,-76.80528133,44.138406,
shore,-76.793382,44.14240317,
shore,-76.78306983,44.14354417,
shore,-76.77037767,44.14754117,
shore,-76.760858,44.15325083,
shore,-76.7465795,44.15667567,
shore,-76.73468,44.165239,
shore,-76.7259535,44.17380167,
shore,-76.72357483,44.16580933,
shore,-76.71246917,44.17037517,
shore,-76.70136433,44.16923267,
shore,-76.69263883,44.17208617,
shore,-76.67994617,44.18064717,
shore,-76.67756683,44.17722233,
shore,-76.66487467,44.18292933,
shore,-76.6545625,44.1863525,
shore,-76.643457,44.19034667,
shore,-76.63076683,44.186351,
shore,-76.621249,44.18349667,
shore,-76.61887017,44.17950133,
shore,-76.627596,44.172652,
shore,-76.639495,44.16637333,
shore,-76.6529805,44.15952317,
shore,-76.66091383,44.152672,
shore,-76.66646683,44.14753283,
shore,-76.67677933,44.141822,
shore,-76.680746,44.13725333,
shore,-76.68154033,44.1309695,
shore,-76.69026717,44.1224005,
shore,-76.69185467,44.115544,
shore,-76.6982015,44.10582967,
shore,-76.7029615,44.10297233,
shore,-76.702167,44.11154483,
shore,-76.7045455,44.11611683,
shore,-76.71168483,44.115546,
shore,-76.7156515,44.11211767,
shore,-76.71644533,44.108117,
shore,-76.72358417,44.10868917,
shore,-76.73230867,44.1132615,
shore,-76.74500017,44.113263,
shore,-76.74738067,44.10811967,
shore,-76.74817467,44.102976,
shore,-76.7537275,44.09840417,
shore,-76.75927983,44.10183417,
shore,-76.76721133,44.10640667,
shore,-76.77434983,44.10755067,
shore,,,
shore,-76.372202,44.1517975,
shore,-76.37815117,44.14780033,
shore,-76.38330767,44.14180383,
shore,-76.38449883,44.13295033,
shore,-76.37656617,44.13923333,
shore,-76.37101483,44.13609117,
shore,-76.36268617,44.14037467,
shore,-76.35634233,44.13409117,
shore,-76.362291,44.13266333,
shore,-76.37061933,44.1320925,
shore,-76.37934367,44.13180767,
shore,-76.38886267,44.12352433,
shore,-76.3995705,44.11838267,
shore,-76.4055195,44.115526,
shore,-76.4166235,44.1155265,
shore,-76.42098717,44.10695467,
shore,-76.43010933,44.10238317,
shore,-76.43883467,44.09609617,
shore,-76.43685083,44.1032405,
shore,-76.445386,44.11216017,
shore,-76.45607483,44.1161965,
shore,-76.4667885,44.116228,
shore,-76.4763545,44.108535,
shore,-76.489865,44.104569,
shore,-76.47553717,44.112822,
shore,-76.46239517,44.12107667,
shore,-76.4567825,44.130783,
shore,-76.45238083,44.136775,
shore,-76.45868817,44.14422983,
shore,-76.4698375,44.13825683,
shore,-76.4833505,44.135149,
shore,-76.49047817,44.13831433,
shore,-76.50357983,44.137777,
shore,-76.50991683,44.140653,
shore,-76.507909,44.1452235,
shore,-76.50231367,44.15264483,
shore,-76.50864783,44.15637883,
shore,-76.51299883,44.15982133,
shore,-76.50661767,44.16552533,
shore,-76.4914795,44.1746375,
shore,-76.47594783,44.18231683,
shore,-76.45524817,44.18969317,
shore,-76.43762833,44.19432733,
shore,-76.42335067,44.19889133,
shore,-76.4250165,44.20195133,
shore,-76.42858417,44.20165967,
shore,-76.432545,44.19908633,
shore,-76.44165367,44.20423933,
shore,-76.4369195,44.2096265,
shore,-76.4278035,44.21135417,
shore,-76.4234475,44.2150685,
shore,-76.41353483,44.21337583,
shore,-76.41075833,44.2119555,
shore,-76.40204217,44.215962,
shore,-76.393323,44.21740267,
shore,-76.392936,44.2251005,
shore,-76.400467,44.22451717,
shore,-76.40443417,44.22736117,
shore,-76.39730467,44.23221967,
shore,-76.38897867,44.23080883,
shore,-76.38222867,44.22141283,
shore,-76.37747567,44.2242715,
shore,-76.37312067,44.22883983,
shore,-76.37074217,44.22855867,
shore,-76.3719255,44.22371083,
shore,-76.36598017,44.22400583,
shore,-76.36202033,44.22743283,
shore,-76.35488983,44.23115017,
shore,-76.348546,44.22945,
shore,-76.34101917,44.2328825,
shore,-76.2914445,44.2075895,
shore,-76.30055533,44.20387067,
shore,-76.30927217,44.20186233,
shore,-76.313637,44.20584617,
shore,-76.32117067,44.20811467,
shore,-76.32592367,44.20554217,
shore,-76.32591867,44.2018365,
shore,-76.32909117,44.20297183,
shore,-76.33345083,44.20296467,
shore,-76.3386045,44.20352667,
shore,-76.3409775,44.19981733,
shore,-76.3485085,44.19980483,
shore,-76.35009833,44.20293767,
shore,-76.36198717,44.20120783,
shore,-76.36515567,44.19920717,
shore,-76.3639565,44.1917975,
shore,-76.35839567,44.18382533,
shore,-76.3512555,44.18013183,
shore,-76.34412283,44.18156917,
shore,-76.33858017,44.18585383,
shore,-76.33580017,44.18215283,
shore,-76.34015467,44.17844017,
shore,-76.34212967,44.173876,
shore,-76.35163667,44.16986933,
shore,-76.35875883,44.16159067,
shore,-76.36746967,44.155589,
shore,,,
shore,-76.52441033,44.18244267,
shore,-76.51845583,44.18157017,
shore,-76.51289883,44.1806985,
shore,-76.50970867,44.1832645,
shore,-76.50454733,44.1826795,
shore,-76.50098933,44.17923867,
shore,-76.49583433,44.17750917,
shore,-76.5026095,44.1729505,
shore,-76.50818233,44.17039117,
shore,-76.51454767,44.16811883,
shore,-76.52012867,44.16355667,
shore,-76.5257065,44.15956667,
shore,-76.53525183,44.156157,
shore,-76.54281283,44.152171,
shore,-76.54798617,44.14932267,
shore,-76.5543385,44.14933617,
shore,-76.55471533,44.1541985,
shore,-76.5459575,44.159613,
shore,-76.53879233,44.16360083,
shore,-76.53321283,44.16816367,
shore,-76.5252515,44.17214867,
shore,-76.52562017,44.1784415,
shore,,,
shore,-76.832544,43.962076,
shore,-76.83333517,43.95635967,
shore,-76.83729067,43.954073,
shore,-76.8428285,43.95207133,
shore,-76.8436205,43.95521483,
shore,-76.84124767,43.95893067,
shore,-76.83650033,43.9603605,
shore,,,
shore,-76.81157883,43.946644,
shore,-76.80564467,43.9486445,
shore,-76.80089783,43.949501,
shore,-76.798921,43.94750067,
shore,-76.80287717,43.94550067,
shore,-76.80841517,43.9449295,
shore,,,
shore,-76.638369,43.93135917,
shore,-76.63124167,43.93392017,
shore,-76.622537,43.9347635,
shore,-76.617805,43.93103983,
shore,-76.617822,43.926467,
shore,-76.6122955,43.92388467,
shore,-76.60833667,43.925021,
shore,-76.60399233,43.92358367,
shore,-76.59923783,43.92586167,
shore,-76.59409333,43.92670917,
shore,-76.60123,43.92214983,
shore,-76.6055855,43.920729,
shore,-76.6130995,43.9204565,
shore,-76.61941733,43.92275383,
shore,-76.62573917,43.92419383,
shore,-76.63403533,43.9264935,
shore,-76.63917183,43.927931,
shore,,,
shore,-76.590722,43.928989,
shore,-76.58735583,43.93012567,
shore,-76.5841885,43.9308335,
shore,-76.58260717,43.93068733,
shore,-76.58459533,43.92826233,
shore,-76.586973,43.9271235,
shore,-76.58974133,43.92712917,
shore,,,
shore,-76.380175,43.920913,
shore,-76.38731467,43.914606,
shore,-76.39286767,43.90715133,
shore,-76.40476567,43.901417,
shore,-76.41904333,43.89510817,
shore,-76.42697517,43.8905195,
shore,-76.43649283,43.88994633,
shore,-76.44521783,43.88707833,
shore,-76.44759717,43.88879917,
shore,-76.43887067,43.89912417,
shore,-76.428558,43.90772667,
shore,-76.4206255,43.91403417,
shore,-76.41269333,43.9209145,
shore,-76.40079617,43.920914,
shore,-76.380175,43.920913,
shore,,,
shore,-76.3548045,43.87961633,
shore,-76.34766333,43.89281133,
shore,-76.3349725,43.90026733,
shore,-76.32941983,43.90370867,
shore,-76.3230755,43.90313467,
shore,-76.31673017,43.90600233,
shore,-76.31434933,43.91345717,
shore,-76.306417,43.91804417,
shore,-76.304039,43.91403033,
shore,-76.3087995,43.90485483,
shore,-76.3151455,43.897399,
shore,-76.323078,43.88936883,
shore,-76.3286315,43.88191083,
shore,-76.336563,43.879042,
shore,-76.34290733,43.88076367,
shore,-76.34528617,43.88477967,
shore,,,
shore,-76.38411833,44.039476,
shore,-76.37380617,44.05034567,
shore,-76.35952983,44.0514895,
shore,-76.353184,44.05492117,
shore,-76.34366683,44.05377667,
shore,-76.34049533,44.0497725,
shore,-76.34604817,44.04233533,
shore,-76.35635967,44.036614,
shore,-76.36587783,44.03260883,
shore,-76.37539533,44.03203683,
shore,-76.37777367,44.03947583,
,,,
m50,-79.67896367,43.33810767,
m50,-79.66628533,43.36819833,
m50,-79.60921417,43.43065083,
m50,-79.54420817,43.4780285,
m50,-79.48554267,43.5276785,
m50,-79.45383,43.55191183,
m50,-79.40308617,43.580749,
m50,-79.37612867,43.60035033,
m50,-79.30476233,43.61648867,
m50,-79.2302245,43.65451017,
m50,-79.15251017,43.6856005,
m50,-79.082726,43.73968267,
m50,-79.03831433,43.7546325,
m50,-78.98438367,43.76153033,
m50,-78.9209355,43.785669,
m50,-78.86065683,43.78681617,
m50,-78.78451433,43.79945383,
m50,-78.725819,43.7960035,
m50,-78.663951,43.81323433,
m50,-78.60049517,43.82701433,
m50,-78.56718067,43.84194117,
m50,-78.508482,43.84308517,
m50,-78.44502333,43.84882117,
m50,-78.38473683,43.86488767,
m50,-78.28637283,43.8717655,
m50,-78.24988267,43.848804,
m50,-78.23243083,43.85339467,
m50,-78.20069967,43.87060967,
m50,-78.18324767,43.8625735,
m50,-78.10867867,43.89355017,
m50,-78.02617633,43.90157183,
m50,-78.00396467,43.88550783,
m50,-77.9262225,43.86943317,
m50,-77.8595845,43.89122883,
m50,-77.80246733,43.88089567,
m50,-77.718378,43.87170517,
m50,-77.6898185,43.88088267,
m50,-77.6120765,43.86021467,
m50,-77.5882795,43.83495217,
m50,-77.59938833,43.80164,
m50,-77.6120845,43.75796117,
m50,-77.588286,43.7556585,
m50,-77.54861917,43.78209683,
m50,-77.49626033,43.800479,
m50,-77.46294033,43.82115517,
m50,-77.41534317,43.81885233,
m50,-77.41375917,43.79357467,
m50,-77.43597317,43.77403733,
m50,-77.43280133,43.76139017,
m50,-77.38996483,43.75563583,
m50,-77.33601917,43.77862433,
m50,-77.2471715,43.78666067,
m50,-77.16149917,43.78435283,
m50,-77.164676,43.7579115,
m50,-77.1408775,43.7625085,
m50,-77.09327867,43.787794,
m50,-77.0282285,43.81306733,
m50,-76.94731483,43.83373533,
m50,-76.872751,43.8360255,
m50,-76.76487267,43.84520317,
m50,-76.6776215,43.84404883,
m50,-76.57768833,43.811884,
m50,-76.47141633,43.7716565,
m50,-76.40639067,43.7325555,
m50,-76.32868617,43.66810133,
m50,-76.33028833,43.61741233,
m50,-76.373131,43.56783567,
m50,-76.44927683,43.53899483,
m50,-76.53018333,43.50898667,
m50,-76.63171817,43.46394817,
m50,-76.69676833,43.42696933,
m50,-76.7285025,43.40384633,
m50,-76.815756,43.38303167,
m50,-76.89032083,43.361053,
m50,-76.9759935,43.332122,
m50,-77.04738383,43.31939083,
m50,-77.1520825,43.324031,
m50,-77.26154617,43.317093,
m50,-77.35514383,43.319418,
m50,-77.42336233,43.31247667,
m50,-77.470958,43.30321617,
m50,-77.54868717,43.3275435,
m50,-77.62641817,43.35070483,
m50,-77.697806,43.366915,
m50,-77.78347383,43.37618133,
m50,-77.88659283,43.38891867,
m50,-77.98336633,43.39818333,
m50,-78.05158383,43.40281733,
m50,-78.14994383,43.40629783,
m50,-78.21816033,43.41208733,
m50,-78.28479017,43.41325083,
m50,-78.37997483,43.40863533,
m50,-78.50371217,43.39939583,
m50,-78.640136,43.38321417,
m50,-78.746416,43.37165333,
m50,-78.84951933,43.34967317,
m50,-78.91296567,43.33694417,
m50,-78.97641117,43.33694767,
m50,-79.06523267,43.33579433,
m50,-79.1159855,43.32653433,
m50,-79.16514983,43.3045335,
m50,-79.21431233,43.27904917,
m50,-79.2634755,43.26862133,
m50,-79.33325433,43.262828,
m50,-79.41254633,43.26051033,
m50,-79.50452367,43.27093933,
m50,-79.58539883,43.28831667,
m50,-79.64883067,43.3114795,
m50,-79.67261867,43.32653117,
m50,-79.67896367,43.33810767,
,,,
m100,-79.45380617,43.42372067,
m100,-79.403067,43.471102,
m100,-79.36183883,43.50343983,
m100,-79.293648,43.53691483,
m100,-79.27779167,43.5599905,
m100,-79.23338517,43.57383167,
m100,-79.20008283,43.60726833,
m100,-79.13505567,43.62686033,
m100,-79.10968017,43.64759833,
m100,-79.05258033,43.66141883,
m100,-78.96375567,43.68559683,
m100,-78.86858217,43.705161,
m100,-78.81940533,43.68098567,
m100,-78.72898583,43.69249283,
m100,-78.62904483,43.69248617,
m100,-78.625873,43.710901,
m100,-78.571935,43.70284117,
m100,-78.50054683,43.73160183,
m100,-78.36411133,43.74769317,
m100,-78.18007583,43.76147467,
m100,-78.02618033,43.77525467,
m100,-77.98334333,43.764903,
m100,-77.87545533,43.78673233,
m100,-77.71203917,43.756823,
m100,-77.667618,43.71540633,
m100,-77.65175517,43.68202467,
m100,-77.56449483,43.67740883,
m100,-77.53752433,43.667042,
m100,-77.397906,43.68429817,
m100,-77.30112533,43.6981015,
m100,-77.26146467,43.68082933,
m100,-77.193242,43.69809017,
m100,-77.17738117,43.671609,
m100,-77.20118117,43.65663967,
m100,-77.186905,43.642815,
m100,-77.088537,43.67620633,
m100,-76.95685517,43.70612433,
m100,-76.81883183,43.72912617,
m100,-76.6633695,43.72106217,
m100,-76.5523325,43.7026445,
m100,-76.515848,43.703794,
m100,-76.45557733,43.67961833,
m100,-76.41433933,43.66810283,
m100,-76.41117617,43.63700283,
m100,-76.46353383,43.59436033,
m100,-76.51589367,43.54822733,
m100,-76.58728617,43.512452,
m100,-76.655505,43.48358683,
m100,-76.72531317,43.448931,
m100,-76.7633865,43.441999,
m100,-76.8680945,43.409636,
m100,-76.96645733,43.3818845,
m100,-77.0505385,43.37032133,
m100,-77.074338,43.35875167,
m100,-77.11875517,43.36338417,
m100,-77.25043,43.3529805,
m100,-77.372587,43.34604783,
m100,-77.43287517,43.33332017,
m100,-77.47570917,43.33332467,
m100,-77.51695,43.36110883,
m100,-77.61689217,43.38541733,
m100,-77.72794217,43.40509283,
m100,-77.8374075,43.42013767,
m100,-77.9611525,43.42708883,
m100,-78.016679,43.42940733,
m100,-78.0706175,43.44675133,
m100,-78.17849733,43.44329633,
m100,-78.295894,43.44215317,
m100,-78.3545915,43.44562667,
m100,-78.45770733,43.43176667,
m100,-78.52909367,43.42136883,
m100,-78.57827033,43.4225295,
m100,-78.66710383,43.41328733,
m100,-78.7749695,43.39710533,
m100,-78.84317717,43.39479683,
m100,-78.9335895,43.39017567,
m100,-79.01131033,43.38902283,
m100,-79.05889317,43.38439783,
m100,-79.1048905,43.39365333,
m100,-79.14771133,43.371675,
m100,-79.17308683,43.363576,
m100,-79.20004983,43.37051933,
m100,-79.25397333,43.37052033,
m100,-79.29044817,43.35663483,
m100,-79.30948133,43.36936383,
m100,-79.30948467,43.391344,
m100,-79.35706167,43.387874,
m100,-79.38719183,43.3774625,
m100,-79.409397,43.3948135,
m100,-79.42684567,43.41794067,
m100,-79.45380617,43.42372067,
,,,
m150,-78.7495975,43.53805033,
m150,-78.70518183,43.55420133,
m150,-78.68932033,43.581883,
m150,-78.56082583,43.60032167,
m150,-78.45295033,43.61529767,
m150,-78.34031267,43.63487783,
m150,-78.27050767,43.64063183,
m150,-78.19752867,43.65905533,
m150,-78.11185667,43.66134967,
m150,-78.02301033,43.675159,
m150,-77.9706545,43.6693955,
m150,-77.90243267,43.67284233,
m150,-77.81993233,43.6613165,
m150,-77.76757667,43.65094383,
m150,-77.73108733,43.6348105,
m150,-77.71046217,43.63365583,
m150,-77.710463,43.6255895,
m150,-77.74695517,43.60830517,
m150,-77.78186183,43.57717783,
m150,-77.80090217,43.55757067,
m150,-77.79455717,43.54487817,
m150,-77.759652,43.55987317,
m150,-77.72633117,43.5967745,
m150,-77.707291,43.61291133,
m150,-77.643829,43.6140565,
m150,-77.58830083,43.60598117,
m150,-77.57561067,43.58753267,
m150,-77.4946965,43.59559467,
m150,-77.420129,43.600198,
m150,-77.38681317,43.59212367,
m150,-77.32176567,43.59557567,
m150,-77.26465317,43.58634533,
m150,-77.20912817,43.57480733,
m150,-77.12503983,43.60132033,
m150,-77.02508833,43.62436367,
m150,-76.90927483,43.64394183,
m150,-76.850575,43.65660833,
m150,-76.77443067,43.64853983,
m150,-76.75539767,43.63471367,
m150,-76.71256467,43.64162383,
m150,-76.6792545,43.63125233,
m150,-76.61897217,43.64161867,
m150,-76.585663,43.63124767,
m150,-76.56346017,43.6139605,
m150,-76.5444325,43.589751,
m150,-76.5761675,43.557459,
m150,-76.62852333,43.52861383,
m150,-76.66025133,43.52053567,
m150,-76.69992183,43.48012383,
m150,-76.7395805,43.4755055,
m150,-76.81097533,43.44315733,
m150,-76.89981617,43.42466867,
m150,-76.97279417,43.40733033,
m150,-77.05053117,43.3923015,
m150,-77.17744733,43.378431,
m150,-77.27104733,43.37381183,
m150,-77.35037133,43.36572,
m150,-77.41224333,43.363412,
m150,-77.424938,43.35184033,
m150,-77.45031933,43.35878717,
m150,-77.4582465,43.37961567,
m150,-77.51376933,43.39465967,
m150,-77.57087717,43.42126317,
m150,-77.62164333,43.4293615,
m150,-77.62957233,43.44901167,
m150,-77.60259917,43.46518583,
m150,-77.6438485,43.46403517,
m150,-77.672405,43.4675045,
m150,-77.67874783,43.48945267,
m150,-77.7263435,43.48714833,
m150,-77.76600567,43.49177267,
m150,-77.82153217,43.50563617,
m150,-77.8786475,43.49640517,
m150,-77.93100333,43.48486217,
m150,-77.99604983,43.48486967,
m150,-78.08013367,43.48487933,
m150,-78.15311167,43.4837325,
m150,-78.23719417,43.48374167,
m150,-78.32762167,43.47682067,
m150,-78.4228065,43.47798533,
m150,-78.50371233,43.47106183,
m150,-78.571926,43.471068,
m150,-78.64489733,43.46991883,
m150,-78.68772867,43.48609383,
m150,-78.70835117,43.49648917,
m150,-78.73849067,43.49418183,
m150,-78.75118267,43.52073783,
m150,-78.7495975,43.53805033,
,,,
,,,
,,,
,,,
,,,
,,,
,,,
,,,
,,,
,,,
,,,
,,,
,,,
,,,
,,,
,,,
,,,
,,,
,,,
,,,
,,,
,,,
,,,
,,,
,,,
,,,
,,,
,,,
,,,
,,,
,,,
,,,
,,,
,,,
,,,
,,,
,,,
,,,
,,,
,,,
